ticker,sector,model,fold,metric,score
XLK,Technology,Market-only model,2022,auc_roc,0.47554104238698935
XLK,Technology,Market-only model,2022,f1,0.5190311418685121
XLK,Technology,Market-only model,2022,directional_accuracy,0.44621513944223107
XLK,Technology,Market + news sentiment model,2022,auc_roc,0.49110001280573695
XLK,Technology,Market + news sentiment model,2022,f1,0.5524475524475524
XLK,Technology,Market + news sentiment model,2022,directional_accuracy,0.4900398406374502
XLK,Technology,Always-up reference,2022,auc_roc,0.5
XLK,Technology,Always-up reference,2022,f1,0.6246575342465753
XLK,Technology,Always-up reference,2022,directional_accuracy,0.4541832669322709
XLK,Technology,Market-only model,2023,auc_roc,0.5446147798742138
XLK,Technology,Market-only model,2023,f1,0.625
XLK,Technology,Market-only model,2023,directional_accuracy,0.52
XLK,Technology,Market + news sentiment model,2023,auc_roc,0.5118579664570231
XLK,Technology,Market + news sentiment model,2023,f1,0.6153846153846154
XLK,Technology,Market + news sentiment model,2023,directional_accuracy,0.52
XLK,Technology,Always-up reference,2023,auc_roc,0.5
XLK,Technology,Always-up reference,2023,f1,0.7309644670050761
XLK,Technology,Always-up reference,2023,directional_accuracy,0.576
XLK,Technology,Market-only model,2024,auc_roc,0.5369642281662906
XLK,Technology,Market-only model,2024,f1,0.7031700288184438
XLK,Technology,Market-only model,2024,directional_accuracy,0.5912698412698413
XLK,Technology,Market + news sentiment model,2024,auc_roc,0.5280051563003545
XLK,Technology,Market + news sentiment model,2024,f1,0.6894586894586895
XLK,Technology,Market + news sentiment model,2024,directional_accuracy,0.5674603174603174
XLK,Technology,Always-up reference,2024,auc_roc,0.5
XLK,Technology,Always-up reference,2024,f1,0.7304785894206549
XLK,Technology,Always-up reference,2024,directional_accuracy,0.5753968253968254
XLK,Technology,Market-only model,2025,auc_roc,0.5505473712663873
XLK,Technology,Market-only model,2025,f1,0.7193460490463215
XLK,Technology,Market-only model,2025,directional_accuracy,0.5863453815261044
XLK,Technology,Market + news sentiment model,2025,auc_roc,0.5052709825652115
XLK,Technology,Market + news sentiment model,2025,f1,0.7213114754098361
XLK,Technology,Market + news sentiment model,2025,directional_accuracy,0.5903614457831325
XLK,Technology,Always-up reference,2025,auc_roc,0.5
XLK,Technology,Always-up reference,2025,f1,0.755
XLK,Technology,Always-up reference,2025,directional_accuracy,0.606425702811245
XLV,Health Care,Market-only model,2022,auc_roc,0.508001016002032
XLV,Health Care,Market-only model,2022,f1,0.6163141993957704
XLV,Health Care,Market-only model,2022,directional_accuracy,0.4940239043824701
XLV,Health Care,Market + news sentiment model,2022,auc_roc,0.5018415036830074
XLV,Health Care,Market + news sentiment model,2022,f1,0.6172839506172839
XLV,Health Care,Market + news sentiment model,2022,directional_accuracy,0.5059760956175299
XLV,Health Care,Always-up reference,2022,auc_roc,0.5
XLV,Health Care,Always-up reference,2022,f1,0.6613333333333333
XLV,Health Care,Always-up reference,2022,directional_accuracy,0.4940239043824701
XLV,Health Care,Market-only model,2023,auc_roc,0.47058823529411764
XLV,Health Care,Market-only model,2023,f1,0.6395348837209303
XLV,Health Care,Market-only model,2023,directional_accuracy,0.504
XLV,Health Care,Market + news sentiment model,2023,auc_roc,0.4653922637757393
XLV,Health Care,Market + news sentiment model,2023,f1,0.6181818181818182
XLV,Health Care,Market + news sentiment model,2023,directional_accuracy,0.496
XLV,Health Care,Always-up reference,2023,auc_roc,0.5
XLV,Health Care,Always-up reference,2023,f1,0.6876640419947506
XLV,Health Care,Always-up reference,2023,directional_accuracy,0.524
XLV,Health Care,Market-only model,2024,auc_roc,0.5397795275590551
XLV,Health Care,Market-only model,2024,f1,0.6204620462046204
XLV,Health Care,Market-only model,2024,directional_accuracy,0.5436507936507936
XLV,Health Care,Market + news sentiment model,2024,auc_roc,0.49921259842519683
XLV,Health Care,Market + news sentiment model,2024,f1,0.61198738170347
XLV,Health Care,Market + news sentiment model,2024,directional_accuracy,0.5119047619047619
XLV,Health Care,Always-up reference,2024,auc_roc,0.5
XLV,Health Care,Always-up reference,2024,f1,0.6631299734748011
XLV,Health Care,Always-up reference,2024,directional_accuracy,0.49603174603174605
XLV,Health Care,Market-only model,2025,auc_roc,0.5022662522662522
XLV,Health Care,Market-only model,2025,f1,0.672566371681416
XLV,Health Care,Market-only model,2025,directional_accuracy,0.5542168674698795
XLV,Health Care,Market + news sentiment model,2025,auc_roc,0.49987049987049986
XLV,Health Care,Market + news sentiment model,2025,f1,0.6506024096385542
XLV,Health Care,Market + news sentiment model,2025,directional_accuracy,0.5341365461847389
XLV,Health Care,Always-up reference,2025,auc_roc,0.5
XLV,Health Care,Always-up reference,2025,f1,0.6929133858267716
XLV,Health Care,Always-up reference,2025,directional_accuracy,0.5301204819277109
XLF,Financials,Market-only model,2022,auc_roc,0.5042965243042196
XLF,Financials,Market-only model,2022,f1,0.5965909090909091
XLF,Financials,Market-only model,2022,directional_accuracy,0.4342629482071713
XLF,Financials,Market + news sentiment model,2022,auc_roc,0.5142362447095037
XLF,Financials,Market + news sentiment model,2022,f1,0.6131805157593123
XLF,Financials,Market + news sentiment model,2022,directional_accuracy,0.46215139442231074
XLF,Financials,Always-up reference,2022,auc_roc,0.5
XLF,Financials,Always-up reference,2022,f1,0.6208791208791209
XLF,Financials,Always-up reference,2022,directional_accuracy,0.450199203187251
XLF,Financials,Market-only model,2023,auc_roc,0.5099358974358974
XLF,Financials,Market-only model,2023,f1,0.6338461538461538
XLF,Financials,Market-only model,2023,directional_accuracy,0.524
XLF,Financials,Market + news sentiment model,2023,auc_roc,0.5308974358974359
XLF,Financials,Market + news sentiment model,2023,f1,0.5933333333333334
XLF,Financials,Market + news sentiment model,2023,directional_accuracy,0.512
XLF,Financials,Always-up reference,2023,auc_roc,0.5
XLF,Financials,Always-up reference,2023,f1,0.6842105263157895
XLF,Financials,Always-up reference,2023,directional_accuracy,0.52
XLF,Financials,Market-only model,2024,auc_roc,0.507153397061654
XLF,Financials,Market-only model,2024,f1,0.6925207756232687
XLF,Financials,Market-only model,2024,directional_accuracy,0.5595238095238095
XLF,Financials,Market + news sentiment model,2024,auc_roc,0.5449412972348752
XLF,Financials,Market + news sentiment model,2024,f1,0.7027027027027027
XLF,Financials,Market + news sentiment model,2024,directional_accuracy,0.5634920634920635
XLF,Financials,Always-up reference,2024,auc_roc,0.5
XLF,Financials,Always-up reference,2024,f1,0.7240506329113924
XLF,Financials,Always-up reference,2024,directional_accuracy,0.5674603174603174
XLF,Financials,Market-only model,2025,auc_roc,0.47835105003889034
XLF,Financials,Market-only model,2025,f1,0.6721763085399449
XLF,Financials,Market-only model,2025,directional_accuracy,0.5220883534136547
XLF,Financials,Market + news sentiment model,2025,auc_roc,0.5019445164635727
XLF,Financials,Market + news sentiment model,2025,f1,0.6402439024390244
XLF,Financials,Market + news sentiment model,2025,directional_accuracy,0.5261044176706827
XLF,Financials,Always-up reference,2025,auc_roc,0.5
XLF,Financials,Always-up reference,2025,f1,0.6963350785340314
XLF,Financials,Always-up reference,2025,directional_accuracy,0.5341365461847389
XLC,Communication Services,Market-only model,2022,auc_roc,0.5205242966751918
XLC,Communication Services,Market-only model,2022,f1,0.5484949832775919
XLC,Communication Services,Market-only model,2022,directional_accuracy,0.46215139442231074
XLC,Communication Services,Market + news sentiment model,2022,auc_roc,0.5119565217391304
XLC,Communication Services,Market + news sentiment model,2022,f1,0.5435540069686411
XLC,Communication Services,Market + news sentiment model,2022,directional_accuracy,0.47808764940239046
XLC,Communication Services,Always-up reference,2022,auc_roc,0.5
XLC,Communication Services,Always-up reference,2022,f1,0.6284153005464481
XLC,Communication Services,Always-up reference,2022,directional_accuracy,0.4581673306772908
XLC,Communication Services,Market-only model,2023,auc_roc,0.5041924664602683
XLC,Communication Services,Market-only model,2023,f1,0.4979253112033195
XLC,Communication Services,Market-only model,2023,directional_accuracy,0.516
XLC,Communication Services,Market + news sentiment model,2023,auc_roc,0.5070304437564499
XLC,Communication Services,Market + news sentiment model,2023,f1,0.5182186234817814
XLC,Communication Services,Market + news sentiment model,2023,directional_accuracy,0.524
XLC,Communication Services,Always-up reference,2023,auc_roc,0.5
XLC,Communication Services,Always-up reference,2023,f1,0.7046632124352331
XLC,Communication Services,Always-up reference,2023,directional_accuracy,0.544
XLC,Communication Services,Market-only model,2024,auc_roc,0.5142373102234965
XLC,Communication Services,Market-only model,2024,f1,0.7131367292225201
XLC,Communication Services,Market-only model,2024,directional_accuracy,0.5753968253968254
XLC,Communication Services,Market + news sentiment model,2024,auc_roc,0.5370430703069003
XLC,Communication Services,Market + news sentiment model,2024,f1,0.7127659574468085
XLC,Communication Services,Market + news sentiment model,2024,directional_accuracy,0.5714285714285714
XLC,Communication Services,Always-up reference,2024,auc_roc,0.5
XLC,Communication Services,Always-up reference,2024,f1,0.743142144638404
XLC,Communication Services,Always-up reference,2024,directional_accuracy,0.5912698412698413
XLC,Communication Services,Market-only model,2025,auc_roc,0.46538107147558244
XLC,Communication Services,Market-only model,2025,f1,0.7108753315649867
XLC,Communication Services,Market-only model,2025,directional_accuracy,0.5622489959839357
XLC,Communication Services,Market + news sentiment model,2025,auc_roc,0.475450835856259
XLC,Communication Services,Market + news sentiment model,2025,f1,0.6910112359550562
XLC,Communication Services,Market + news sentiment model,2025,directional_accuracy,0.5582329317269076
XLC,Communication Services,Always-up reference,2025,auc_roc,0.5
XLC,Communication Services,Always-up reference,2025,f1,0.7263427109974424
XLC,Communication Services,Always-up reference,2025,directional_accuracy,0.570281124497992
XLY,Consumer Discretionary,Market-only model,2022,auc_roc,0.5074511819116135
XLY,Consumer Discretionary,Market-only model,2022,f1,0.6127167630057804
XLY,Consumer Discretionary,Market-only model,2022,directional_accuracy,0.46613545816733065
XLY,Consumer Discretionary,Market + news sentiment model,2022,auc_roc,0.5170220966084276
XLY,Consumer Discretionary,Market + news sentiment model,2022,f1,0.6153846153846154
XLY,Consumer Discretionary,Market + news sentiment model,2022,directional_accuracy,0.4820717131474104
XLY,Consumer Discretionary,Always-up reference,2022,auc_roc,0.5
XLY,Consumer Discretionary,Always-up reference,2022,f1,0.6170798898071626
XLY,Consumer Discretionary,Always-up reference,2022,directional_accuracy,0.44621513944223107
XLY,Consumer Discretionary,Market-only model,2023,auc_roc,0.46225480483455517
XLY,Consumer Discretionary,Market-only model,2023,f1,0.707774798927614
XLY,Consumer Discretionary,Market-only model,2023,directional_accuracy,0.564
XLY,Consumer Discretionary,Market + news sentiment model,2023,auc_roc,0.43002443695924975
XLY,Consumer Discretionary,Market + news sentiment model,2023,f1,0.6371681415929203
XLY,Consumer Discretionary,Market + news sentiment model,2023,directional_accuracy,0.508
XLY,Consumer Discretionary,Always-up reference,2023,auc_roc,0.5
XLY,Consumer Discretionary,Always-up reference,2023,f1,0.7405541561712846
XLY,Consumer Discretionary,Always-up reference,2023,directional_accuracy,0.588
XLY,Consumer Discretionary,Market-only model,2024,auc_roc,0.4859913793103448
XLY,Consumer Discretionary,Market-only model,2024,f1,0.7010309278350515
XLY,Consumer Discretionary,Market-only model,2024,directional_accuracy,0.5396825396825397
XLY,Consumer Discretionary,Market + news sentiment model,2024,auc_roc,0.4578473630831643
XLY,Consumer Discretionary,Market + news sentiment model,2024,f1,0.6994818652849741
XLY,Consumer Discretionary,Market + news sentiment model,2024,directional_accuracy,0.5396825396825397
XLY,Consumer Discretionary,Always-up reference,2024,auc_roc,0.5
XLY,Consumer Discretionary,Always-up reference,2024,f1,0.7010309278350515
XLY,Consumer Discretionary,Always-up reference,2024,directional_accuracy,0.5396825396825397
XLY,Consumer Discretionary,Market-only model,2025,auc_roc,0.4692007797270955
XLY,Consumer Discretionary,Market-only model,2025,f1,0.688
XLY,Consumer Discretionary,Market-only model,2025,directional_accuracy,0.5301204819277109
XLY,Consumer Discretionary,Market + news sentiment model,2025,auc_roc,0.4594541910331384
XLY,Consumer Discretionary,Market + news sentiment model,2025,f1,0.6792452830188679
XLY,Consumer Discretionary,Market + news sentiment model,2025,directional_accuracy,0.5220883534136547
XLY,Consumer Discretionary,Always-up reference,2025,auc_roc,0.5
XLY,Consumer Discretionary,Always-up reference,2025,f1,0.703125
XLY,Consumer Discretionary,Always-up reference,2025,directional_accuracy,0.5421686746987951
XLI,Industrials,Market-only model,2022,auc_roc,0.4836128048780488
XLI,Industrials,Market-only model,2022,f1,0.6592797783933518
XLI,Industrials,Market-only model,2022,directional_accuracy,0.5099601593625498
XLI,Industrials,Market + news sentiment model,2022,auc_roc,0.4871061991869919
XLI,Industrials,Market + news sentiment model,2022,f1,0.6340057636887608
XLI,Industrials,Market + news sentiment model,2022,directional_accuracy,0.4940239043824701
XLI,Industrials,Always-up reference,2022,auc_roc,0.5
XLI,Industrials,Always-up reference,2022,f1,0.6577540106951871
XLI,Industrials,Always-up reference,2022,directional_accuracy,0.4900398406374502
XLI,Industrials,Market-only model,2023,auc_roc,0.5568438003220612
XLI,Industrials,Market-only model,2023,f1,0.6869806094182825
XLI,Industrials,Market-only model,2023,directional_accuracy,0.548
XLI,Industrials,Market + news sentiment model,2023,auc_roc,0.5743639291465379
XLI,Industrials,Market + news sentiment model,2023,f1,0.6666666666666666
XLI,Industrials,Market + news sentiment model,2023,directional_accuracy,0.536
XLI,Industrials,Always-up reference,2023,auc_roc,0.5
XLI,Industrials,Always-up reference,2023,f1,0.7012987012987013
XLI,Industrials,Always-up reference,2023,directional_accuracy,0.54
XLI,Industrials,Market-only model,2024,auc_roc,0.5029724260055654
XLI,Industrials,Market-only model,2024,f1,0.6885245901639344
XLI,Industrials,Market-only model,2024,directional_accuracy,0.5476190476190477
XLI,Industrials,Market + news sentiment model,2024,auc_roc,0.5331393878067291
XLI,Industrials,Market + news sentiment model,2024,f1,0.6774193548387096
XLI,Industrials,Market + news sentiment model,2024,directional_accuracy,0.5238095238095238
XLI,Industrials,Always-up reference,2024,auc_roc,0.5
XLI,Industrials,Always-up reference,2024,f1,0.694300518134715
XLI,Industrials,Always-up reference,2024,directional_accuracy,0.5317460317460317
XLI,Industrials,Market-only model,2025,auc_roc,0.48327693909422176
XLI,Industrials,Market-only model,2025,f1,0.6850828729281768
XLI,Industrials,Market-only model,2025,directional_accuracy,0.5421686746987951
XLI,Industrials,Market + news sentiment model,2025,auc_roc,0.5143805309734514
XLI,Industrials,Market + news sentiment model,2025,f1,0.6869806094182825
XLI,Industrials,Market + news sentiment model,2025,directional_accuracy,0.5461847389558233
XLI,Industrials,Always-up reference,2025,auc_roc,0.5
XLI,Industrials,Always-up reference,2025,f1,0.7064935064935065
XLI,Industrials,Always-up reference,2025,directional_accuracy,0.5461847389558233
XLP,Consumer Staples,Market-only model,2022,auc_roc,0.4680864589955499
XLP,Consumer Staples,Market-only model,2022,f1,0.6532951289398281
XLP,Consumer Staples,Market-only model,2022,directional_accuracy,0.5179282868525896
XLP,Consumer Staples,Market + news sentiment model,2022,auc_roc,0.4803560076287349
XLP,Consumer Staples,Market + news sentiment model,2022,f1,0.6158730158730159
XLP,Consumer Staples,Market + news sentiment model,2022,directional_accuracy,0.5179282868525896
XLP,Consumer Staples,Always-up reference,2022,auc_roc,0.5
XLP,Consumer Staples,Always-up reference,2022,f1,0.6824146981627297
XLP,Consumer Staples,Always-up reference,2022,directional_accuracy,0.5179282868525896
XLP,Consumer Staples,Market-only model,2023,auc_roc,0.46274585175219424
XLP,Consumer Staples,Market-only model,2023,f1,0.6825396825396826
XLP,Consumer Staples,Market-only model,2023,directional_accuracy,0.52
XLP,Consumer Staples,Market + news sentiment model,2023,auc_roc,0.49375360369017873
XLP,Consumer Staples,Market + news sentiment model,2023,f1,0.6703601108033241
XLP,Consumer Staples,Market + news sentiment model,2023,directional_accuracy,0.524
XLP,Consumer Staples,Always-up reference,2023,auc_roc,0.5
XLP,Consumer Staples,Always-up reference,2023,f1,0.6807387862796834
XLP,Consumer Staples,Always-up reference,2023,directional_accuracy,0.516
XLP,Consumer Staples,Market-only model,2024,auc_roc,0.5065926439972241
XLP,Consumer Staples,Market-only model,2024,f1,0.6824146981627297
XLP,Consumer Staples,Market-only model,2024,directional_accuracy,0.5198412698412699
XLP,Consumer Staples,Market + news sentiment model,2024,auc_roc,0.47044350514163147
XLP,Consumer Staples,Market + news sentiment model,2024,f1,0.6702412868632708
XLP,Consumer Staples,Market + news sentiment model,2024,directional_accuracy,0.5119047619047619
XLP,Consumer Staples,Always-up reference,2024,auc_roc,0.5
XLP,Consumer Staples,Always-up reference,2024,f1,0.6840731070496083
XLP,Consumer Staples,Always-up reference,2024,directional_accuracy,0.5198412698412699
XLP,Consumer Staples,Market-only model,2025,auc_roc,0.549741935483871
XLP,Consumer Staples,Market-only model,2025,f1,0.6539509536784741
XLP,Consumer Staples,Market-only model,2025,directional_accuracy,0.4899598393574297
XLP,Consumer Staples,Market + news sentiment model,2025,auc_roc,0.5776774193548387
XLP,Consumer Staples,Market + news sentiment model,2025,f1,0.6574585635359116
XLP,Consumer Staples,Market + news sentiment model,2025,directional_accuracy,0.5020080321285141
XLP,Consumer Staples,Always-up reference,2025,auc_roc,0.5
XLP,Consumer Staples,Always-up reference,2025,f1,0.6648793565683646
XLP,Consumer Staples,Always-up reference,2025,directional_accuracy,0.4979919678714859
XLE,Energy,Market-only model,2022,auc_roc,0.5687307297019527
XLE,Energy,Market-only model,2022,f1,0.5985401459854015
XLE,Energy,Market-only model,2022,directional_accuracy,0.5617529880478087
XLE,Energy,Market + news sentiment model,2022,auc_roc,0.5817060637204522
XLE,Energy,Market + news sentiment model,2022,f1,0.6476868327402135
XLE,Energy,Market + news sentiment model,2022,directional_accuracy,0.6055776892430279
XLE,Energy,Always-up reference,2022,auc_roc,0.5
XLE,Energy,Always-up reference,2022,f1,0.7128205128205128
XLE,Energy,Always-up reference,2022,directional_accuracy,0.5537848605577689
XLE,Energy,Market-only model,2023,auc_roc,0.4714946070878274
XLE,Energy,Market-only model,2023,f1,0.31868131868131866
XLE,Energy,Market-only model,2023,directional_accuracy,0.504
XLE,Energy,Market + news sentiment model,2023,auc_roc,0.4812532100667694
XLE,Energy,Market + news sentiment model,2023,f1,0.3944954128440367
XLE,Energy,Market + news sentiment model,2023,directional_accuracy,0.472
XLE,Energy,Always-up reference,2023,auc_roc,0.5
XLE,Energy,Always-up reference,2023,f1,0.6910994764397905
XLE,Energy,Always-up reference,2023,directional_accuracy,0.528
XLE,Energy,Market-only model,2024,auc_roc,0.4939613526570048
XLE,Energy,Market-only model,2024,f1,0.40350877192982454
XLE,Energy,Market-only model,2024,directional_accuracy,0.4603174603174603
XLE,Energy,Market + news sentiment model,2024,auc_roc,0.4795957284515637
XLE,Energy,Market + news sentiment model,2024,f1,0.5733788395904437
XLE,Energy,Market + news sentiment model,2024,directional_accuracy,0.503968253968254
XLE,Energy,Always-up reference,2024,auc_roc,0.5
XLE,Energy,Always-up reference,2024,f1,0.7076923076923077
XLE,Energy,Always-up reference,2024,directional_accuracy,0.5476190476190477
XLE,Energy,Market-only model,2025,auc_roc,0.4762589928057554
XLE,Energy,Market-only model,2025,f1,0.6591549295774648
XLE,Energy,Market-only model,2025,directional_accuracy,0.5140562248995983
XLE,Energy,Market + news sentiment model,2025,auc_roc,0.5249182472204055
XLE,Energy,Market + news sentiment model,2025,f1,0.6568047337278107
XLE,Energy,Market + news sentiment model,2025,directional_accuracy,0.5341365461847389
XLE,Energy,Always-up reference,2025,auc_roc,0.5
XLE,Energy,Always-up reference,2025,f1,0.7164948453608248
XLE,Energy,Always-up reference,2025,directional_accuracy,0.5582329317269076
XLU,Utilities,Market-only model,2022,auc_roc,0.5095359186268277
XLU,Utilities,Market-only model,2022,f1,0.6125
XLU,Utilities,Market-only model,2022,directional_accuracy,0.5059760956175299
XLU,Utilities,Market + news sentiment model,2022,auc_roc,0.4661792752701844
XLU,Utilities,Market + news sentiment model,2022,f1,0.5855263157894737
XLU,Utilities,Market + news sentiment model,2022,directional_accuracy,0.49800796812749004
XLU,Utilities,Always-up reference,2022,auc_roc,0.5
XLU,Utilities,Always-up reference,2022,f1,0.6824146981627297
XLU,Utilities,Always-up reference,2022,directional_accuracy,0.5179282868525896
XLU,Utilities,Market-only model,2023,auc_roc,0.46347865053453685
XLU,Utilities,Market-only model,2023,f1,0.6069364161849711
XLU,Utilities,Market-only model,2023,directional_accuracy,0.456
XLU,Utilities,Market + news sentiment model,2023,auc_roc,0.4493310287433583
XLU,Utilities,Market + news sentiment model,2023,f1,0.5838509316770186
XLU,Utilities,Market + news sentiment model,2023,directional_accuracy,0.464
XLU,Utilities,Always-up reference,2023,auc_roc,0.5
XLU,Utilities,Always-up reference,2023,f1,0.6595174262734584
XLU,Utilities,Always-up reference,2023,directional_accuracy,0.492
XLU,Utilities,Market-only model,2024,auc_roc,0.439030612244898
XLU,Utilities,Market-only model,2024,f1,0.6703601108033241
XLU,Utilities,Market-only model,2024,directional_accuracy,0.5277777777777778
XLU,Utilities,Market + news sentiment model,2024,auc_roc,0.45082908163265306
XLU,Utilities,Market + news sentiment model,2024,f1,0.6337209302325582
XLU,Utilities,Market + news sentiment model,2024,directional_accuracy,0.5
XLU,Utilities,Always-up reference,2024,auc_roc,0.5
XLU,Utilities,Always-up reference,2024,f1,0.7142857142857143
XLU,Utilities,Always-up reference,2024,directional_accuracy,0.5555555555555556
XLU,Utilities,Market-only model,2025,auc_roc,0.46787017726798746
XLU,Utilities,Market-only model,2025,f1,0.7135416666666666
XLU,Utilities,Market-only model,2025,directional_accuracy,0.5582329317269076
XLU,Utilities,Market + news sentiment model,2025,auc_roc,0.4754953076120959
XLU,Utilities,Market + news sentiment model,2025,f1,0.6972972972972973
XLU,Utilities,Market + news sentiment model,2025,directional_accuracy,0.5502008032128514
XLU,Utilities,Always-up reference,2025,auc_roc,0.5
XLU,Utilities,Always-up reference,2025,f1,0.7098445595854922
XLU,Utilities,Always-up reference,2025,directional_accuracy,0.5502008032128514
XLB,Materials,Market-only model,2022,auc_roc,0.4668962877918102
XLB,Materials,Market-only model,2022,f1,0.6306818181818182
XLB,Materials,Market-only model,2022,directional_accuracy,0.4820717131474104
XLB,Materials,Market + news sentiment model,2022,auc_roc,0.49917081260364843
XLB,Materials,Market + news sentiment model,2022,f1,0.6318840579710145
XLB,Materials,Market + news sentiment model,2022,directional_accuracy,0.4940239043824701
XLB,Materials,Always-up reference,2022,auc_roc,0.5
XLB,Materials,Always-up reference,2022,f1,0.6358695652173914
XLB,Materials,Always-up reference,2022,directional_accuracy,0.46613545816733065
XLB,Materials,Market-only model,2023,auc_roc,0.5333634778115108
XLB,Materials,Market-only model,2023,f1,0.6322188449848024
XLB,Materials,Market-only model,2023,directional_accuracy,0.516
XLB,Materials,Market + news sentiment model,2023,auc_roc,0.5592661972740779
XLB,Materials,Market + news sentiment model,2023,f1,0.6687116564417178
XLB,Materials,Market + news sentiment model,2023,directional_accuracy,0.568
XLB,Materials,Always-up reference,2023,auc_roc,0.5
XLB,Materials,Always-up reference,2023,f1,0.7080103359173127
XLB,Materials,Always-up reference,2023,directional_accuracy,0.548
XLB,Materials,Market-only model,2024,auc_roc,0.4875402182827582
XLB,Materials,Market-only model,2024,f1,0.6684491978609626
XLB,Materials,Market-only model,2024,directional_accuracy,0.5079365079365079
XLB,Materials,Market + news sentiment model,2024,auc_roc,0.5296195823607344
XLB,Materials,Market + news sentiment model,2024,f1,0.6756756756756757
XLB,Materials,Market + news sentiment model,2024,directional_accuracy,0.5238095238095238
XLB,Materials,Always-up reference,2024,auc_roc,0.5
XLB,Materials,Always-up reference,2024,f1,0.6840731070496083
XLB,Materials,Always-up reference,2024,directional_accuracy,0.5198412698412699
XLB,Materials,Market-only model,2025,auc_roc,0.5085817524841915
XLB,Materials,Market-only model,2025,f1,0.6554621848739496
XLB,Materials,Market-only model,2025,directional_accuracy,0.5060240963855421
XLB,Materials,Market + news sentiment model,2025,auc_roc,0.4738675958188153
XLB,Materials,Market + news sentiment model,2025,f1,0.6453488372093024
XLB,Materials,Market + news sentiment model,2025,directional_accuracy,0.5100401606425703
XLB,Materials,Always-up reference,2025,auc_roc,0.5
XLB,Materials,Always-up reference,2025,f1,0.672
XLB,Materials,Always-up reference,2025,directional_accuracy,0.5060240963855421
XLRE,Real Estate,Market-only model,2022,auc_roc,0.46730472764645425
XLRE,Real Estate,Market-only model,2022,f1,0.6149584487534626
XLRE,Real Estate,Market-only model,2022,directional_accuracy,0.44621513944223107
XLRE,Real Estate,Market + news sentiment model,2022,auc_roc,0.44906217882836585
XLRE,Real Estate,Market + news sentiment model,2022,f1,0.5775075987841946
XLRE,Real Estate,Market + news sentiment model,2022,directional_accuracy,0.44621513944223107
XLRE,Real Estate,Always-up reference,2022,auc_roc,0.5
XLRE,Real Estate,Always-up reference,2022,f1,0.6170798898071626
XLRE,Real Estate,Always-up reference,2022,directional_accuracy,0.44621513944223107
XLRE,Real Estate,Market-only model,2023,auc_roc,0.47905993852459017
XLRE,Real Estate,Market-only model,2023,f1,0.6703296703296703
XLRE,Real Estate,Market-only model,2023,directional_accuracy,0.52
XLRE,Real Estate,Market + news sentiment model,2023,auc_roc,0.4341060450819672
XLRE,Real Estate,Market + news sentiment model,2023,f1,0.6344410876132931
XLRE,Real Estate,Market + news sentiment model,2023,directional_accuracy,0.516
XLRE,Real Estate,Always-up reference,2023,auc_roc,0.5
XLRE,Real Estate,Always-up reference,2023,f1,0.6772486772486772
XLRE,Real Estate,Always-up reference,2023,directional_accuracy,0.512
XLRE,Real Estate,Market-only model,2024,auc_roc,0.537515762925599
XLRE,Real Estate,Market-only model,2024,f1,0.6630727762803235
XLRE,Real Estate,Market-only model,2024,directional_accuracy,0.503968253968254
XLRE,Real Estate,Market + news sentiment model,2024,auc_roc,0.5484237074401009
XLRE,Real Estate,Market + news sentiment model,2024,f1,0.6666666666666666
XLRE,Real Estate,Market + news sentiment model,2024,directional_accuracy,0.5277777777777778
XLRE,Real Estate,Always-up reference,2024,auc_roc,0.5
XLRE,Real Estate,Always-up reference,2024,f1,0.680628272251309
XLRE,Real Estate,Always-up reference,2024,directional_accuracy,0.5158730158730159
XLRE,Real Estate,Market-only model,2025,auc_roc,0.5328165374677003
XLRE,Real Estate,Market-only model,2025,f1,0.6777777777777778
XLRE,Real Estate,Market-only model,2025,directional_accuracy,0.5341365461847389
XLRE,Real Estate,Market + news sentiment model,2025,auc_roc,0.5516149870801034
XLRE,Real Estate,Market + news sentiment model,2025,f1,0.6547619047619048
XLRE,Real Estate,Market + news sentiment model,2025,directional_accuracy,0.5341365461847389
XLRE,Real Estate,Always-up reference,2025,auc_roc,0.5
XLRE,Real Estate,Always-up reference,2025,f1,0.6825396825396826
XLRE,Real Estate,Always-up reference,2025,directional_accuracy,0.5180722891566265
